block_height,elapsed_time
1,5.598576259s
2,2.002924818s
3,11.089451837s
4,1.952394947s
5,16.838094863s
6,675.858062ms
7,4.616689003s
8,4.942790049s
9,12.768006254s
10,3.164074387s
11,20.10984589s
12,7.189538546s
13,23.913809968s
14,16.86076832s
15,672.860566ms
16,6.942449109s
17,1.796826856s
18,188.318129ms
19,3.45109296s
20,1.404752973s
21,350.442435ms
22,9.898503886s
23,16.324320698s
24,3.743581074s
25,5.520965251s
26,9.989442009s
27,10.347415754s
28,4.343345277s
29,3.801038218s
30,23.607686056s
31,28.581229066s
32,7.449038002s
33,12.392442129s
34,13.384250069s
35,20.482841433s
36,4.549835139s
37,13.495343896s
38,16.632208673s
39,5.008905002s
40,33.530677018s
41,4.207439188s
42,12.630038942s
43,7.083940566s
44,7.386560182s
45,14.907361s
46,2.354475342s
47,10.72681342s
48,38.209967798s
49,5.214513911s
50,2.534425082s
51,2.420204837s
52,2.762311638s
53,2.780772459s
54,41.165535264s
55,2.541510718s
56,15.507347981s
57,4.623406635s
58,14.546189843s
59,3.598802091s
60,53.41900607s
61,823.668728ms
62,5.843111003s
63,4.801888126s
64,23.514530724s
65,14.832927074s
66,10.004701454s
67,10.438769043s
68,1.019673907s
69,550.109511ms
70,941.565256ms
71,10.413328164s
72,15.912453995s
73,11.694995778s
74,859.063334ms
75,15.186635283s
76,319.62382ms
77,24.746658306s
78,7.145813543s
79,33.885228217s
80,3.681662516s
81,19.175720701s
82,2.219259621s
83,4.752574705s
84,8.282853924s
85,9.252794248s
86,2.306347456s
87,30.252307006s
88,7.973532778s
89,761.058674ms
90,14.415501947s
91,4.501551775s
92,2.77697506s
93,38.477096188s
94,3.060840729s
95,6.854845095s
96,905.014772ms
97,11.126844709s
98,489.287372ms
99,11.082234467s
100,5.487805877s
101,7.360297101s
102,578.537809ms
103,1.191573597s
104,7.636468964s
105,20.832866743s
106,3.777927815s
107,8.503032496s
108,1.854770003s
109,6.074011307s
110,8.595039334s
111,26.046869635s
112,28.91357441s
113,13.911525847s
114,1.851399346s
115,5.581748755s
116,12.498995154s
117,13.092357691s
118,6.879557005s
119,9.29281213s
120,1.506407148s
121,10.507739023s
122,38.273744763s
123,5.882497398s
124,20.59744139s
125,4.469607496s
126,25.782048932s
127,4.313860776s
128,6.172546535s
129,4.985045001s
130,10.594534106s
131,24.29937783s
132,730.1181ms
133,310.151924ms
134,3.188696432s
135,8.303513884s
136,21.123215426s
137,2.687944218s
138,33.39180643s
139,3.668556408s
140,8.428817726s
141,13.094576481s
142,17.89306131s
143,1.117561358s
144,2.445013081s
145,789.336764ms
146,12.31704791s
147,16.031560266s
148,3.160569169s
149,12.554983551s
150,32.061321322s
151,9.401396053s
152,11.517583811s
153,401.066385ms
154,189.628484ms
155,13.194572264s
156,13.310860489s
157,15.123601895s
158,5.402931799s
159,14.925137778s
160,26.464708863s
161,5.907892609s
162,4.544688745s
163,70.790005ms
164,1.828377969s
165,26.297640017s
166,11.646640316s
167,13.094401278s
168,3.612396563s
169,16.94725108s
170,2.031446807s
171,441.333923ms
172,46.946948221s
173,7.027563006s
174,11.204130081s
175,11.527849468s
176,27.745871339s
177,17.87577842s
178,5.77149351s
179,8.84431321s
180,49.505698799s
181,11.732027776s
182,8.340743617s
183,5.300089213s
184,3.853332949s
185,2.312019772s
186,2.078985857s
187,14.659430537s
188,20.40709765s
189,6.854610753s
190,2.38343619s
191,5.11474856s
192,17.287309391s
193,3.400833963s
194,2.968906838s
195,47.66513259s
196,4.851238881s
197,5.174696417s
198,14.633551253s
199,28.908505219s
200,4.460229365s
201,12.294348665s
202,4.566022542s
203,14.322716226s
204,11.831811384s
205,6.316316101s
206,1.820980601s
207,4.4939651s
208,4.203343328s
209,10.388634406s
210,8.854204608s
211,36.226958709s
212,5.639761314s
213,103.263023ms
214,9.900017124s
215,20.413446907s
216,6.942846154s
217,1.592204399s
218,7.552898888s
219,1.096282137s
220,25.545305902s
221,24.171412538s
222,10.327673996s
223,11.126583051s
224,3.599330552s
225,12.350267775s
226,27.604028807s
227,5.287052466s
228,7.275049394s
229,1.458785521s
230,8.569112474s
231,4.877224686s
232,13.990620598s
233,10.153575149s
234,12.016254022s
235,5.40547795s
236,2.28258902s
237,1.57773452s
238,13.293125202s
239,20.861983591s
240,15.176367673s
241,2.224838783s
242,7.557836997s
243,13.056565439s
244,4.410414055s
245,279.996301ms
246,5.166710564s
247,6.075507621s
248,998.587619ms
249,7.093036778s
250,6.779667s
251,17.138690058s
252,2.153164362s
253,1.87529487s
254,14.282734624s
255,5.642424673s
256,10.022728827s
257,1.160624368s
258,449.19403ms
259,20.989017528s
260,6.035003204s
261,5.653379423s
262,21.669431999s
263,23.468520296s
264,14.632636847s
265,52.669620884s
266,13.384846265s
267,3.69416181s
268,10.952864083s
269,2.189835616s
270,8.31197189s
271,12.643862954s
272,859.725421ms
273,7.343989462s
274,1.223185582s
275,3.26178267s
276,11.310771701s
277,6.154091751s
278,997.510404ms
279,3.887201972s
280,6.626322934s
281,13.769286756s
282,12.281871584s
283,15.247610074s
284,18.441593725s
285,1.019078253s
286,4.220516053s
287,750.191578ms
288,5.721915304s
289,24.041828725s
290,187.261732ms
291,5.371426103s
292,13.840579516s
293,2.307504789s
294,1.281724616s
295,1.790639273s
296,3.663972969s
297,36.779433543s
298,12.987638889s
299,4.147048887s
300,613.929802ms
301,6.920380093s
302,10.091127396s
303,12.921420556s
304,8.30630475s
305,23.007655356s
306,6.540067303s
307,5.222299703s
308,28.462156971s
309,13.113214299s
310,6.174014911s
311,215.852989ms
312,16.713846852s
313,48.538453832s
314,4.243784177s
315,2.45627357s
316,1.37260502s
317,25.452159692s
318,3.424733078s
319,474.873266ms
320,18.877957634s
321,957.577844ms
322,436.102684ms
323,9.027449504s
324,24.259118284s
325,19.096908926s
326,26.446444243s
327,2.856337692s
328,4.645539975s
329,4.068026338s
330,1.68175445s
331,29.150784361s
332,5.875497416s
333,3.587236309s
334,24.42044045s
335,13.173197532s
336,9.296278471s
337,17.703085925s
338,13.858455695s
339,1.872451231s
340,7.632695499s
341,26.934009785s
342,36.026599874s
343,12.171108724s
344,12.909951481s
345,11.762385036s
346,1.545700543s
347,31.76696551s
348,7.249014722s
349,22.093984542s
350,2.226371374s
351,1.160023947s
352,31.26242406s
353,53.084492ms
354,12.665558879s
355,6.235838449s
356,374.967678ms
357,15.839093683s
358,2.024308421s
359,9.840975483s
360,896.479146ms
361,34.327346647s
362,5.17568253s
363,13.948625062s
364,11.642468132s
365,3.59853462s
366,24.767268417s
367,7.557584547s
368,7.511514559s
369,404.985001ms
370,8.489462237s
371,1.311623235s
372,13.228794958s
373,5.360317477s
374,3.30616572s
375,12.952142998s
376,3.29485892s
377,16.798218206s
378,20.62345445s
379,7.099554268s
380,23.923341658s
381,5.26574741s
382,10.734084196s
383,7.246702873s
384,4.247524742s
385,1.244761041s
386,24.327840804s
387,2.706599891s
388,901.649288ms
389,1.917004766s
390,10.176034351s
391,44.596925672s
392,20.525231363s
393,2.056364563s
394,11.902729866s
395,28.144882164s
396,9.614353312s
397,1.49970178s
398,23.156135223s
399,1.337361485s
400,24.053107248s
401,10.951682644s
402,4.150241234s
403,12.231585058s
404,11.529533661s
405,289.374774ms
406,11.357218706s
407,27.786191629s
408,15.070221854s
409,6.229357504s
410,3.5028759s
411,101.463522ms
412,15.826967922s
413,1.396762956s
414,7.753539681s
415,27.982814167s
416,7.082045696s
417,8.121295763s
418,3.877033004s
419,1.481952757s
420,12.807284869s
421,4.235661275s
422,11.192167141s
423,19.761513505s
424,3.666497814s
425,6.576420462s
426,7.376952633s
427,1.312718561s
428,15.066093732s
429,2.991274476s
430,51.135886323s
431,21.67422664s
432,3.344321646s
433,3.947193949s
434,6.135776987s
435,6.303739094s
436,15.849586343s
437,14.022021559s
438,18.402615712s
439,19.89898867s
440,2.706346604s
441,12.530529758s
442,1.475590952s
443,3.43932435s
444,239.266274ms
445,17.304101505s
446,18.702749739s
447,5.071702635s
448,6.412342416s
449,8.245493666s
450,7.866407839s
451,10.196127082s
452,15.387664961s
453,9.573631461s
454,1.696289559s
455,6.121225429s
456,8.558531342s
457,16.376404713s
458,9.471738031s
459,310.138791ms
460,4.994733462s
461,11.066443348s
462,22.268307163s
463,13.137356801s
464,1.44453248s
465,459.313398ms
466,1.52648201s
467,2.491245854s
468,1.890796997s
469,4.3825752s
470,11.351458216s
471,3.746708374s
472,10.312726634s
473,7.350755792s
474,3.4361705s
475,6.024194038s
476,42.867288938s
477,3.219812411s
478,198.928609ms
479,12.505113183s
480,11.036804099s
481,4.63108974s
482,1.095600653s
483,10.344508122s
484,27.400970615s
485,11.940788138s
486,22.853183612s
487,2.431258167s
488,10.055856493s
489,753.579983ms
490,5.695673865s
491,1.569352732s
492,10.782584746s
493,13.885022387s
494,19.90151398s
495,27.636669544s
496,18.839572673s
497,22.630927449s
498,13.71858352s
499,9.406932056s
500,4.266161991s
501,9.633597818s
502,24.443101963s
503,7.751637436s
504,18.753874017s
505,17.424207967s
506,4.849361654s
507,12.287376681s
508,1.48633663s
509,941.742501ms
510,1.743349398s
511,5.369366966s
512,2.68576672s
513,35.527673628s
514,2.300752243s
515,15.016086649s
516,1.378966747s
517,8.456799216s
518,3.70989481s
519,7.194477916s
520,21.114644334s
521,16.413563154s
522,9.174834302s
523,6.418320118s
524,7.770337746s
525,7.167775509s
526,28.085153863s
527,1.044146999s
528,15.644803719s
529,8.848819099s
530,6.746556282s
531,122.70817ms
532,1.928496189s
533,17.541498811s
534,7.436362911s
535,24.713211002s
536,3.592693931s
537,32.312286856s
538,4.245489243s
539,1.331210586s
540,23.818011445s
541,15.669003572s
542,4.479169119s
543,777.86296ms
544,7.824435438s
545,3.207680814s
546,25.628079283s
547,6.871833123s
548,1.169407341s
549,1.002433812s
550,19.132278652s
551,12.685475142s
552,10.944920726s
553,3.224598244s
554,18.703502652s
555,553.739368ms
556,2.798966643s
557,4.593672546s
558,7.208316832s
559,16.521220487s
560,18.963477838s
561,591.861591ms
562,8.003538781s
563,9.501653185s
564,14.797138147s
565,11.790240937s
566,3.512612509s
567,6.918348441s
568,289.541984ms
569,7.453316459s
570,1.953912415s
571,21.895663228s
572,1.495393048s
573,15.384901634s
574,7.122909257s
575,35.894431421s
576,367.388269ms
577,1.101970627s
578,23.70771364s
579,20.353686619s
580,9.056443757s
581,490.915253ms
582,1.528109141s
583,19.901949786s
584,25.796834408s
585,1.678175274s
586,4.260675979s
587,26.47247065s
588,8.430907643s
589,7.97707793s
590,8.087454351s
591,9.503310584s
592,10.400796025s
593,4.711608471s
594,31.010079526s
595,578.806328ms
596,8.563427099s
597,10.043375835s
598,2.921575869s
599,28.737310304s
600,5.389696031s
601,3.316524987s
602,2.027250545s
603,4.571546319s
604,2.907676114s
605,14.103426081s
606,11.065193547s
607,7.933491568s
608,3.225938079s
609,5.823967508s
610,7.981959765s
611,13.345270827s
612,6.749316029s
613,8.253414802s
614,7.370001034s
615,5.707544608s
616,1.363728762s
617,6.111537614s
618,5.208552694s
619,8.709186173s
620,520.734052ms
621,6.277620702s
622,17.576335653s
623,2.913557438s
624,17.62063552s
625,7.71968776s
626,3.742750876s
627,42.810555891s
628,3.429133581s
629,16.575344625s
630,16.798437592s
631,7.763286591s
632,37.071318396s
633,2.856662593s
634,9.266074519s
635,8.719983869s
636,25.580791405s
637,5.326946212s
638,14.938801395s
639,19.077970489s
640,5.091942551s
641,7.61801284s
642,7.851785717s
643,4.743968337s
644,854.691175ms
645,4.14546122s
646,6.18694959s
647,527.671136ms
648,5.582073358s
649,12.022103891s
650,9.234527441s
651,12.728100453s
652,22.398587961s
653,17.378325127s
654,1.926958835s
655,20.517973968s
656,6.2008379s
657,10.524058216s
658,276.404458ms
659,6.589745776s
660,11.046291ms
661,14.783877548s
662,36.824833707s
663,17.048618338s
664,6.157034395s
665,13.30557275s
666,5.335077208s
667,54.29404ms
668,24.593268072s
669,6.083281579s
670,11.043492908s
671,16.588636457s
672,11.586102658s
673,6.172696165s
674,10.764806764s
675,6.823432106s
676,29.276983313s
677,11.219410829s
678,7.099340105s
679,8.386213762s
680,24.526764984s
681,549.662543ms
682,3.898663086s
683,23.425284758s
684,2.031759791s
685,4.618348949s
686,6.643263846s
687,1.81503306s
688,2.53376618s
689,8.846539231s
690,3.621538578s
691,33.283860893s
692,3.576284644s
693,43.312214265s
694,20.683098431s
695,7.307966654s
696,16.088433254s
697,18.319666859s
698,12.264991377s
699,144.491267ms
700,3.368831084s
701,21.638166864s
702,6.916293332s
703,22.670213479s
704,1.289032304s
705,925.109285ms
706,3.219430694s
707,8.973150473s
708,9.748018113s
709,13.88868758s
710,3.810262706s
711,4.086873602s
712,3.631862342s
713,22.665333686s
714,922.984263ms
715,396.669749ms
716,9.945744932s
717,9.568402445s
718,8.529951231s
719,1.651240459s
720,20.379402336s
721,1.907056984s
722,8.433605166s
723,16.19548606s
724,33.092554605s
725,5.875772602s
726,4.18021117s
727,103.210176ms
728,1.160592215s
729,1.035417176s
730,30.813490953s
731,4.98976993s
732,11.955982949s
733,15.660575027s
734,22.930861082s
735,3.840843432s
736,6.39002509s
737,21.422023083s
738,2.583939909s
739,5.860022693s
740,3.440718144s
741,1.152522788s
742,13.787083776s
743,4.986494285s
744,10.430518804s
745,2.689833795s
746,5.33957004s
747,29.548086474s
748,4.079862043s
749,5.059488937s
750,20.639834096s
751,2.637741267s
752,7.05298657s
753,17.696837744s
754,7.923545006s
755,518.016557ms
756,32.631814898s
757,7.385044334s
758,30.272138983s
759,628.675351ms
760,4.225486793s
761,549.09358ms
762,6.412730556s
763,791.905986ms
764,1.09323376s
765,7.42846869s
766,13.456322248s
767,297.786134ms
768,8.659678255s
769,6.008342381s
770,22.068338732s
771,3.79223479s
772,4.833188898s
773,11.254731118s
774,13.198954229s
775,647.813574ms
776,26.492251715s
777,4.843550164s
778,1.074155367s
779,3.669366938s
780,14.613422182s
781,394.627565ms
782,28.179000821s
783,16.770982328s
784,14.357182538s
785,17.638652062s
786,28.546604442s
787,1.742202945s
788,669.480378ms
789,7.840084453s
790,7.38310181s
791,32.03205746s
792,5.050962049s
793,13.301434925s
794,6.266741063s
795,5.350933202s
796,12.305411994s
797,8.034784112s
798,11.712214394s
799,3.428961797s
800,1.159800701s
801,5.783132271s
802,2.605051571s
803,42.331160226s
804,2.058484591s
805,12.607790525s
806,153.007572ms
807,21.94348613s
808,9.953997355s
809,18.806925129s
810,9.879023904s
811,8.24024626s
812,15.467375203s
813,1.013612047s
814,6.7252903s
815,156.469364ms
816,22.173638016s
817,3.16496907s
818,1.259738464s
819,43.568313ms
820,23.047441583s
821,26.271097762s
822,3.021939685s
823,2.730294549s
824,4.03499401s
825,3.180990577s
826,16.402802175s
827,20.084776018s
828,9.815155533s
829,1.863978638s
830,8.927754605s
831,19.413258134s
832,1.448184433s
833,5.496491043s
834,6.243031439s
835,5.153203714s
836,11.900926023s
837,18.202979798s
838,10.327370812s
839,2.151182011s
840,40.528059147s
841,16.737726177s
842,6.592255408s
843,5.088900134s
844,22.920291711s
845,11.474781995s
846,47.529789973s
847,11.410630203s
848,5.869551457s
849,9.237219249s
850,4.247255218s
851,31.356665514s
852,1m2.940552977s
853,12.849680774s
854,13.439619263s
855,5.279159812s
856,1.565065979s
857,32.143305107s
858,1.845874968s
859,2.080945556s
860,7.95213777s
861,21.528666ms
862,964.545379ms
863,15.569643548s
864,2.144402162s
865,6.60068125s
866,7.734279875s
867,4.949415773s
868,1.377719118s
869,17.069915353s
870,581.989476ms
871,7.291825658s
872,29.692534453s
873,8.749289148s
874,4.591056144s
875,3.442337299s
876,115.61621ms
877,4.341721632s
878,41.280973105s
879,18.359132879s
880,11.372741379s
881,8.718171232s
882,9.18593713s
883,5.43566763s
884,6.368577119s
885,5.450814123s
886,684.569185ms
887,20.611300774s
888,3.726864728s
889,29.373032734s
890,1.852012362s
891,13.265508614s
892,726.791956ms
893,16.470693291s
894,10.803488898s
895,2.934760747s
896,1.639766282s
897,5.113099419s
898,5.196325463s
899,10.003079021s
900,11.771002287s
901,9.430342719s
902,27.362237415s
903,2.893361207s
904,9.750336467s
905,8.98428751s
906,28.555492093s
907,11.231043376s
908,12.15227461s
909,12.222730621s
910,2.636430655s
911,3.019849331s
912,8.139451367s
913,10.373522231s
914,10.951223837s
915,4.226646683s
916,16.85690975s
917,3.46376223s
918,19.538712318s
919,27.088445688s
920,14.879246135s
921,7.383450365s
922,10.908396169s
923,14.872870942s
924,10.418651762s
925,199.073554ms
926,12.34508749s
927,15.614597971s
928,28.964790675s
929,6.860212477s
930,13.898926695s
931,9.648152915s
932,19.19308251s
933,7.452057179s
934,77.119127ms
935,9.548826122s
936,10.642665807s
937,7.00741873s
938,7.30670161s
939,256.234274ms
940,19.499319322s
941,6.948977197s
942,1.403478641s
943,19.557094775s
944,18.476277074s
945,20.543963551s
946,15.135456749s
947,3.646584337s
948,244.207669ms
949,6.293383217s
950,828.64927ms
951,15.560917126s
952,10.447744294s
953,15.911599694s
954,3.383905965s
955,11.189771153s
956,26.870723624s
957,3.676240904s
958,33.323385015s
959,12.593655428s
960,6.089974732s
961,12.314504574s
962,2.02687684s
963,503.554197ms
964,3.724381493s
965,1.556871071s
966,18.026915271s
967,14.793677435s
968,11.179283448s
969,17.009714795s
970,1.196469159s
971,9.61827228s
972,6.670146761s
973,16.362092508s
974,9.453664026s
975,3.689355541s
976,11.714778061s
977,18.525668038s
978,13.822741229s
979,12.824814973s
980,4.693418122s
981,4.208052818s
982,27.188541004s
983,4.611985617s
984,1.340077534s
985,3.514802243s
986,18.097722592s
987,1.175022462s
988,10.949320866s
989,1.040052726s
990,17.148611089s
991,2.462960526s
992,3.462569552s
993,21.870151943s
994,7.444113547s
995,13.979785342s
996,434.925158ms
997,1.514390762s
998,14.558181766s
999,6.620927895s
1000,18.211003413s
1001,23.858948425s
1002,4.833169732s
1003,19.391675422s
1004,1.798056595s
1005,390.648291ms
1006,1.443143659s
1007,14.193193886s
1008,312.529233ms
1009,8.058686937s
1010,2.740098301s
1011,26.520391515s
1012,4.705956681s
1013,10.183121655s
1014,18.452105517s
1015,5.346995931s
1016,12.916354248s
1017,11.820167241s
1018,15.806079399s
1019,20.135444199s
1020,15.387553668s
1021,14.137739371s
1022,22.609760972s
1023,6.368552035s
1024,16.61086791s
1025,20.595753726s
1026,4.878996155s
1027,1.394051681s
1028,286.247542ms
1029,3.662817483s
1030,1.356223332s
1031,3.221495339s
1032,19.326535084s
1033,5.656469456s
1034,4.19301013s
1035,4.661027366s
1036,12.143162854s
1037,6.045326465s
1038,10.664067893s
1039,64.956289ms
1040,45.946272365s
1041,8.837777267s
1042,3.011308159s
1043,33.091362274s
1044,1.631233115s
1045,18.839603228s
1046,8.377874069s
1047,4.027549136s
1048,13.964846404s
1049,10.181020678s
1050,11.605435008s
1051,21.91926904s
1052,17.197484753s
1053,11.485826695s
1054,31.068988951s
1055,9.03924926s
1056,6.476814597s
1057,14.899694176s
1058,5.97168968s
1059,13.304715584s
1060,3.101177501s
1061,8.013657654s
1062,295.775024ms
1063,2.006729258s
1064,11.582083507s
1065,2.110790704s
1066,8.965104216s
1067,1.667670715s
1068,9.642895127s
1069,8.76260488s
1070,7.369415522s
1071,863.476733ms
1072,1.560381797s
1073,162.416677ms
1074,3.904556528s
1075,2.385116863s
1076,2.323778595s
1077,8.899336162s
1078,5.308543253s
1079,28.056885043s
1080,1.151596119s
1081,7.363826474s
1082,3.114851608s
1083,2.758812642s
1084,26.166583719s
1085,18.443983239s
1086,22.488566298s
1087,998.663016ms
1088,6.02751734s
1089,8.644595617s
1090,5.83275044s
1091,9.389352722s
1092,5.709067837s
1093,2.254245196s
1094,6.320106483s
1095,1.160586164s
1096,7.913479968s
1097,35.899966974s
1098,19.78021435s
1099,1.878324492s
1100,21.389210936s
1101,7.920642664s
1102,46.719839256s
1103,11.997216978s
1104,4.276137552s
1105,9.087041965s
1106,8.487924866s
1107,5.81963083s
1108,14.579365332s
1109,2.502020045s
1110,18.555806968s
1111,1.539888793s
1112,7.762456782s
1113,700.542571ms
1114,2.653519662s
1115,3.798909612s
1116,26.10205958s
1117,5.240518457s
1118,3.062686752s
1119,12.181962145s
1120,6.947617357s
1121,6.5576205s
1122,1m1.507369583s
1123,10.819682866s
1124,3.66806852s
1125,18.140159569s
1126,3.231969897s
1127,14.139096741s
1128,1.459653714s
1129,1.890068138s
1130,19.758625466s
1131,20.257219069s
1132,10.870378821s
1133,16.2444845s
1134,5.174376335s
1135,2.272271591s
1136,2.281838493s
1137,5.829399138s
1138,6.091648537s
1139,14.630875942s
1140,1m2.56584038s
1141,6.303251884s
1142,8.61886056s
1143,10.705977512s
1144,10.620060506s
1145,2.903800587s
1146,2.775984643s
1147,3.644020082s
1148,23.518248799s
1149,619.021042ms
1150,3.252103905s
1151,3.1304318s
1152,11.074528297s
1153,14.517942969s
1154,2.422487854s
1155,8.096499215s
1156,2.344714158s
1157,40.310180825s
1158,5.808108446s
1159,3.462962821s
1160,8.617725786s
1161,5.010288067s
1162,303.466151ms
1163,16.297460611s
1164,24.731751907s
1165,6.057767915s
1166,37.215849291s
1167,14.790623062s
1168,1.463419019s
1169,22.612003238s
1170,4.336838213s
1171,8.667523158s
1172,2.515228422s
1173,7.38401428s
1174,3.612680823s
1175,6.162953582s
1176,4.105905897s
1177,15.331891824s
1178,1.201793466s
1179,1.624564346s
1180,17.251050852s
1181,15.09451344s
1182,1.093126838s
1183,10.524932442s
1184,1.621581247s
1185,1.124932727s
1186,3.941532336s
1187,12.711113332s
1188,14.629620363s
1189,3.279342543s
1190,1.758450208s
1191,616.044418ms
1192,1.892169984s
1193,4.189145555s
1194,11.453280494s
1195,7.009637206s
1196,4.639374829s
1197,7.169063478s
1198,14.798574187s
1199,6.591737302s
1200,1.047811794s
1201,14.915571263s
1202,12.153589772s
1203,64.130145ms
1204,11.067756811s
1205,2.272549528s
1206,16.874465745s
1207,347.950407ms
1208,1.0281596s
1209,15.131932131s
1210,13.685407361s
1211,5.526826072s
1212,2.033454655s
1213,2.267208684s
1214,12.179086506s
1215,4.549386186s
1216,10.075112811s
1217,5.136185996s
1218,2.76557288s
1219,10.667812729s
1220,4.552846046s
1221,4.412395631s
1222,7.787949613s
1223,2.056042823s
1224,2.053551053s
1225,2.933489893s
1226,1m6.495507786s
1227,6.146941534s
1228,7.518722207s
1229,5.615035452s
1230,3.953887481s
1231,17.771343201s
1232,3.751836725s
1233,24.415631187s
1234,3.832477753s
1235,20.729989011s
1236,20.678555016s
1237,20.33787294s
1238,11.812130375s
1239,2.344540177s
1240,1.672749727s
1241,21.105072008s
1242,1m4.062456643s
1243,6.97847297s
1244,7.734524543s
1245,2.993077651s
1246,5.85703942s
1247,975.277444ms
1248,3.657164664s
1249,7.435377951s
1250,23.750897733s
1251,5.191278844s
1252,5.977234816s
1253,3.358749098s
1254,6.389268816s
1255,542.269969ms
1256,4.762982936s
1257,4.972547731s
1258,1.057206999s
1259,14.900288034s
1260,8.474455422s
1261,15.675361572s
1262,5.199436484s
1263,32.014450724s
1264,5.285865893s
1265,30.057928004s
1266,22.052752692s
1267,23.670953147s
1268,12.64279441s
1269,1.842296556s
1270,9.235982077s
1271,5.145342439s
1272,26.120786244s
1273,10.716404518s
1274,11.280259462s
1275,5.185728513s
1276,1.456894003s
1277,13.437221074s
1278,36.450480689s
1279,20.537677505s
1280,7.320611953s
1281,7.147059735s
1282,3.250522224s
1283,619.216079ms
1284,2.684252582s
1285,9.250326568s
1286,10.074633583s
1287,15.827682589s
1288,7.017302657s
1289,2.077974498s
1290,22.660705933s
1291,14.696688143s
1292,4.804915984s
1293,6.805053188s
1294,1.581842526s
1295,6.830608359s
1296,9.800540082s
1297,4.056473292s
1298,4.309844955s
1299,1.033758196s
1300,7.150620247s
1301,4.166847205s
1302,25.471631115s
1303,4.864677363s
1304,3.320634827s
1305,31.777264842s
1306,11.979366822s
1307,20.566802957s
1308,168.25483ms
1309,18.814128249s
1310,7.358822989s
1311,11.367813363s
1312,20.861041978s
1313,10.062499328s
1314,4.218070993s
1315,876.690392ms
1316,3.29853958s
1317,17.860616547s
1318,17.565744864s
1319,2.374793079s
1320,5.342347317s
1321,23.083304532s
1322,9.592315762s
1323,956.356358ms
1324,3.889161216s
1325,16.18198074s
1326,16.610066109s
1327,5.04164067s
1328,12.996446264s
1329,3.340923687s
1330,14.818228378s
1331,23.82520471s
1332,4.848309411s
1333,21.010042216s
1334,15.39677849s
1335,887.789508ms
1336,10.035742802s
1337,27.366275398s
1338,11.380673295s
1339,34.531073ms
1340,8.268364459s
1341,2.552047923s
1342,11.570864293s
1343,17.376299431s
1344,3.52336089s
1345,12.841551603s
1346,12.251007238s
1347,42.07693391s
1348,11.088606201s
1349,8.291282889s
1350,10.500134335s
1351,22.616844369s
1352,3.415813441s
1353,15.781288234s
1354,2.124993887s
1355,2.047905329s
1356,11.197405878s
1357,2.963898017s
1358,180.102186ms
1359,3.626478581s
1360,1.637050124s
1361,5.267622685s
1362,425.092642ms
1363,15.067656243s
1364,6.719040355s
1365,25.038803482s
1366,7.370420084s
1367,30.90471045s
1368,1.06105497s
1369,12.547633742s
1370,25.078627497s
1371,11.410653176s
1372,25.810775576s
1373,349.54153ms
1374,18.550106924s
1375,31.115089711s
1376,5.029323458s
1377,5.296917721s
1378,6.585740009s
1379,2.646799266s
1380,8.848075647s
1381,4.545845234s
1382,13.735318699s
1383,7.49811857s
1384,5.7902976s
1385,4.936201231s
1386,5.713414532s
1387,1.905274876s
1388,22.579849673s
1389,1.40709466s
1390,8.40519612s
1391,15.202145423s
1392,15.267673908s
1393,12.168934433s
1394,23.03737916s
1395,1m2.163553855s
1396,8.604399709s
1397,287.03446ms
1398,30.603498942s
1399,29.518971175s
1400,8.393823529s
1401,9.927340113s
1402,9.387937613s
1403,8.943352988s
1404,2.598154042s
1405,4.651142076s
1406,21.849555031s
1407,11.191934884s
1408,605.047136ms
1409,11.941565376s
1410,4.705077636s
1411,3.008589331s
1412,19.242456844s
1413,13.706055944s
1414,2.622004284s
1415,4.536172783s
1416,7.84718415s
1417,19.552147577s
1418,9.378656907s
1419,14.135081267s
1420,641.392215ms
1421,1.53081277s
1422,5.315848871s
1423,892.710072ms
1424,8.730662748s
1425,2.508952373s
1426,15.26361223s
1427,1.895680368s
1428,12.427865436s
1429,18.354307225s
1430,1.244279368s
1431,3.999982838s
1432,16.541956852s
1433,9.911083327s
1434,38.375900733s
1435,2.245994956s
1436,2.380191225s
1437,3.831034058s
1438,2.348084113s
1439,16.099193868s
1440,18.364573496s
1441,9.21179494s
1442,23.989591956s
1443,52.2182451s
1444,13.347985547s
1445,2.328869003s
1446,4.08487701s
1447,648.809546ms
1448,33.78616609s
1449,16.144747484s
1450,9.728235651s
1451,3.351872262s
1452,22.097989131s
1453,412.067526ms
1454,5.591579569s
1455,17.55243698s
1456,572.011249ms
1457,17.297232597s
1458,3.628979885s
1459,5.504491404s
1460,2.982359983s
1461,21.943339056s
1462,1.336449694s
1463,21.496966172s
1464,8.201571299s
1465,18.359442833s
1466,32.24269415s
1467,15.679101515s
1468,5.394114845s
1469,582.713726ms
1470,9.025750056s
1471,11.882571123s
1472,54.147067473s
1473,4.827288861s
1474,2.052392062s
1475,11.287461182s
1476,24.785459298s
1477,3.93759484s
1478,1.845884476s
1479,12.435793533s
1480,26.086101305s
1481,16.911016027s
1482,14.665862567s
1483,21.678921064s
1484,1.854640882s
1485,7.732630661s
1486,2.696961469s
1487,3.621288957s
1488,11.154791038s
1489,3.079082088s
1490,13.281312481s
1491,906.313791ms
1492,12.624467306s
1493,2.683781517s
1494,16.538834933s
1495,4.533393895s
1496,10.399517551s
1497,8.774693031s
1498,2.318841991s
1499,15.966452042s
1500,25.100672827s
1501,8.58756011s
1502,9.967487698s
1503,15.354447338s
1504,3.474050877s
1505,2.344135052s
1506,874.81465ms
1507,5.267737175s
1508,17.403605469s
1509,12.401551689s
1510,7.309441237s
1511,10.931159547s
1512,10.067784968s
1513,18.98428608s
1514,336.894072ms
1515,6.534891372s
1516,1.682465293s
1517,31.419959552s
1518,3.328307825s
1519,756.432994ms
1520,2.729489203s
1521,42.88740435s
1522,6.525341898s
1523,43.65502454s
1524,4.63632063s
1525,151.7377ms
1526,867.885328ms
1527,9.513558752s
1528,9.032116696s
1529,19.491073942s
1530,605.68587ms
1531,3.297674832s
1532,7.635962296s
1533,1.359188058s
1534,2.752878654s
1535,8.765189482s
1536,16.55702504s
1537,2.072007111s
1538,20.392993749s
1539,3.547457714s
1540,4.684368187s
1541,3.368185619s
1542,5.950853662s
1543,6.558051366s
1544,7.61296174s
1545,701.559485ms
1546,253.539292ms
1547,213.094079ms
1548,2.732597206s
1549,5.578699606s
1550,20.040202714s
1551,6.835301801s
1552,6.716645532s
1553,6.885320807s
1554,7.899097912s
1555,8.127210754s
1556,39.048933276s
1557,343.799608ms
1558,975.378405ms
1559,6.323519727s
1560,1.511187181s
1561,7.44844103s
1562,6.422184025s
1563,767.76115ms
1564,8.251818711s
1565,11.690576691s
1566,893.844817ms
1567,26.158701109s
1568,4.2161069s
1569,6.967758698s
1570,19.676548176s
1571,923.021576ms
1572,2.923183937s
1573,2.695835577s
1574,14.995413838s
1575,1.555048568s
1576,14.732996976s
1577,11.970713684s
1578,4.500118293s
1579,26.689729533s
1580,4.552593468s
1581,14.582122499s
1582,778.123861ms
1583,21.192419217s
1584,104.31778ms
1585,8.18785939s
1586,1m2.158483807s
1587,11.830007303s
1588,2.046596737s
1589,5.488111696s
1590,11.567774868s
1591,1.474309488s
1592,9.591042987s
1593,1.180811274s
1594,6.972871512s
1595,7.627572651s
1596,184.874805ms
1597,8.648590655s
1598,5.760489824s
1599,6.432273455s
1600,3.052010489s
1601,38.507791529s
1602,11.213122352s
1603,12.840357917s
1604,7.380742145s
1605,327.803479ms
1606,4.690688315s
1607,18.808652302s
1608,9.475154133s
1609,48.513995012s
1610,6.413658905s
1611,4.461150666s
1612,5.344687998s
1613,127.589481ms
1614,2.440816388s
1615,7.917142513s
1616,14.000075822s
1617,2.259595331s
1618,10.821496218s
1619,20.093303184s
1620,2.342759843s
1621,2.458121749s
1622,2.026360368s
1623,17.088730638s
1624,2.753353916s
1625,16.653083786s
1626,14.946712936s
1627,2.096380605s
1628,12.973560311s
1629,42.881392781s
1630,9.353675357s
1631,10.778517694s
1632,9.631122977s
1633,22.149687772s
1634,9.559041163s
1635,3.899065822s
1636,1m2.046549116s
1637,37.936337359s
1638,9.968924882s
1639,11.325214243s
1640,14.874134112s
1641,20.471515074s
1642,2.185879192s
1643,36.350130264s
1644,12.0983694s
1645,2.385036457s
1646,2.21576276s
1647,10.151042743s
1648,1.741225014s
1649,18.649181502s
1650,21.835265303s
1651,627.40332ms
1652,577.056062ms
1653,24.537912554s
1654,4.792143008s
1655,5.601316362s
1656,383.373807ms
1657,20.583958549s
1658,11.339159734s
1659,427.738335ms
1660,6.794638711s
1661,15.619526369s
1662,7.631658249s
1663,1.015123984s
1664,8.445214677s
1665,18.201737471s
1666,11.566282805s
1667,4.302680294s
1668,9.351646382s
1669,521.907746ms
1670,1.824536366s
1671,377.767361ms
1672,8.971410813s
1673,2.089666982s
1674,3.865607762s
1675,42.308325512s
1676,5.648400686s
1677,4.078532972s
1678,4.018081768s
1679,10.435309482s
1680,11.121072894s
1681,1.377246061s
1682,138.451896ms
1683,949.613792ms
1684,7.633054295s
1685,1.269265729s
1686,406.38312ms
1687,5.431484283s
1688,20.522159032s
1689,7.538019014s
1690,30.153790042s
1691,2.999151065s
1692,4.659141155s
1693,4.114429148s
1694,8.788646498s
1695,774.631253ms
1696,2.168418911s
1697,22.330457843s
1698,1.724903481s
1699,8.387394505s
1700,2.567414439s
1701,23.509281381s
1702,11.956082672s
1703,3.899511839s
1704,9.98848916s
1705,56.424724385s
1706,5.050900283s
1707,4.449809181s
1708,2.191588518s
1709,685.898592ms
1710,1.469311662s
1711,8.574732563s
1712,678.360687ms
1713,1.667428312s
1714,5.219076153s
1715,3.133538081s
1716,9.52584413s
1717,28.098563091s
1718,7.265203273s
1719,1.587069795s
1720,1.307316696s
1721,7.254861186s
1722,17.041177696s
1723,17.5098014s
1724,17.415286545s
1725,4.754926264s
1726,12.333871274s
1727,2.079762158s
1728,8.543359514s
1729,7.728922501s
1730,5.006956686s
1731,21.77631986s
1732,845.17893ms
1733,7.141783377s
1734,12.876987555s
1735,16.625795ms
1736,11.353674854s
1737,2.731798484s
1738,4.84475553s
1739,15.579779581s
1740,7.043595315s
1741,24.753758869s
1742,11.721048118s
1743,26.462906059s
1744,7.600693356s
1745,8.201280492s
1746,2.333617895s
1747,21.010955206s
1748,27.910089997s
1749,11.796028253s
1750,421.930919ms
1751,10.525196707s
1752,6.309347586s
1753,1.681585282s
1754,513.73995ms
1755,19.530725034s
1756,2.097682223s
1757,5.888813085s
1758,38.023379718s
1759,29.082365229s
1760,8.642354741s
1761,9.423828066s
1762,6.365046967s
1763,13.132066837s
1764,8.460042986s
1765,14.963408604s
1766,19.821854953s
1767,10.627760329s
1768,10.540126762s
1769,4.580427188s
1770,4.69849164s
1771,6.127431889s
1772,10.009330843s
1773,1.378548601s
1774,2.791907085s
1775,1.616593928s
1776,2.559855744s
1777,7.016640826s
1778,6.295162573s
1779,25.912938903s
1780,7.99060936s
1781,683.661962ms
1782,29.967307906s
1783,24.613993954s
1784,15.784927253s
1785,22.876734787s
1786,11.912243022s
1787,3.714913301s
1788,10.9819824s
1789,744.285592ms
1790,7.151863561s
1791,8.216951214s
1792,17.016118868s
1793,12.867704991s
1794,1.620846781s
1795,6.639907893s
1796,3.670980719s
1797,1.241057255s
1798,979.341319ms
1799,10.633578706s
1800,9.81740952s
1801,782.413108ms
1802,33.371975825s
1803,1.014670708s
1804,9.72374874s
1805,22.96011054s
1806,7.757070035s
1807,4.688560032s
1808,11.11991947s
1809,18.615829487s
1810,23.794875913s
1811,3.272923334s
1812,5.337320156s
1813,5.622711544s
1814,21.633758716s
1815,26.524022806s
1816,3.429144891s
1817,4.723839555s
1818,3.815741244s
1819,58.328476478s
1820,29.039058488s
1821,32.262286117s
1822,3.591734781s
1823,31.98435735s
1824,16.972532182s
1825,1.935179763s
1826,203.487531ms
1827,9.88841491s
1828,8.102869904s
1829,6.434422911s
1830,1.022567057s
1831,23.78935177s
1832,15.514704055s
1833,16.304150707s
1834,12.234830553s
1835,39.92774313s
1836,7.146870598s
1837,16.368856733s
1838,4.137904118s
1839,23.618022754s
1840,35.323600685s
1841,11.501008373s
1842,6.893664648s
1843,1.940009554s
1844,10.893822895s
1845,17.729031263s
1846,43.152053678s
1847,2.712379199s
1848,17.41887394s
1849,7.900787404s
1850,2.760316857s
1851,42.503718871s
1852,2.351282927s
1853,1.166137651s
1854,33.996432828s
1855,12.390291917s
1856,22.117386474s
1857,8.595951895s
1858,3.66153863s
1859,8.235463239s
1860,7.1148747s
1861,4.017728674s
1862,2.078946409s
1863,14.062395215s
1864,5.633748212s
1865,7.462451155s
1866,5.114158004s
1867,1m10.754439595s
1868,753.917513ms
1869,4.967399877s
1870,11.363940212s
1871,13.400148393s
1872,1.861039872s
1873,3.650922771s
1874,56.084022ms
1875,15.419360391s
1876,79.42597ms
1877,5.135978138s
1878,4.797970062s
1879,11.145983972s
1880,18.429274421s
1881,3.354227882s
1882,16.147907048s
1883,11.237196785s
1884,561.283707ms
1885,1.387923731s
1886,7.401372162s
1887,1.638854002s
1888,4.828053244s
1889,8.108188774s
1890,1.771753123s
1891,6.125812686s
1892,15.577020957s
1893,1.006219663s
1894,1.642000315s
1895,7.471959612s
1896,19.130493686s
1897,21.654640612s
1898,3.828033678s
1899,6.847547406s
1900,15.880257384s
1901,4.478233785s
1902,1.319538619s
1903,6.933686347s
1904,6.49631021s
1905,14.224201792s
1906,11.650744481s
1907,6.816720829s
1908,12.854211758s
1909,5.035159348s
1910,12.810504368s
1911,30.519494ms
1912,2.016454691s
1913,3.806761961s
1914,2.808865667s
1915,39.554902908s
1916,15.597039042s
1917,14.252689029s
1918,29.865487803s
1919,3.098570757s
1920,21.356183047s
1921,42.760716575s
1922,935.700618ms
1923,5.914722732s
1924,16.530358037s
1925,13.872047344s
1926,8.919818195s
1927,19.499672797s
1928,4.177438669s
1929,1.002108388s
1930,1.611595384s
1931,10.43629694s
1932,1.557572604s
1933,16.689585953s
1934,1.494732819s
1935,13.858772106s
1936,16.485916084s
1937,9.587958253s
1938,3.953690774s
1939,8.148498703s
1940,2.45533708s
1941,113.418496ms
1942,3.826611984s
1943,6.957771176s
1944,17.386258757s
1945,827.66534ms
1946,1.992648242s
1947,5.090081658s
1948,31.262601719s
1949,9.666247991s
1950,3.508830527s
1951,1.113417952s
1952,8.373136752s
1953,1.663602053s
1954,9.441904166s
1955,17.125759063s
1956,950.876961ms
1957,22.977114531s
1958,23.862512645s
1959,1.354136967s
1960,8.177533285s
1961,7.013344538s
1962,1.47774903s
1963,22.950126626s
1964,25.193575869s
1965,1.837077831s
1966,30.859726983s
1967,1.896279637s
1968,17.578548913s
1969,16.966402986s
1970,5.225179742s
1971,17.828252398s
1972,3.593746169s
1973,2.047277413s
1974,4.722635199s
1975,3.40948895s
1976,16.017609428s
1977,17.545900645s
1978,22.010047644s
1979,12.316385581s
1980,3.935099697s
1981,8.575736479s
1982,21.222474581s
1983,1.562472197s
1984,6.662628233s
1985,5.451346333s
1986,3.502059ms
1987,4.459703165s
1988,3.360700245s
1989,1.190962646s
1990,11.794488991s
1991,5.783143439s
1992,1.420332071s
1993,22.451394768s
1994,9.996825064s
1995,144.398856ms
1996,4.317000853s
1997,4.97288385s
1998,5.682471073s
1999,26.850643022s
2000,2.688756655s
2001,1.761690332s
2002,10.379995069s
2003,11.691191746s
2004,8.295925922s
2005,3.530522971s
2006,11.461624575s
2007,223.432418ms
2008,24.449927615s
2009,3.189874283s
2010,22.886963151s
2011,8.295817563s
2012,15.775942638s
2013,7.362238126s
2014,4.857103361s
2015,972.041754ms
2016,3.378268269s
2017,2.042377092s
2018,11.322792114s
2019,23.643202481s
2020,5.021302881s
2021,17.145724972s
2022,28.372802461s
2023,3.607425023s
2024,7.063015381s
2025,25.384203185s
2026,9.745527048s
2027,416.437276ms
2028,4.090196995s
2029,11.587833216s
2030,6.727436469s
2031,1.823550823s
2032,19.711550864s
2033,18.564653315s
2034,4.896405089s
2035,11.521276619s
2036,540.680529ms
2037,9.168322016s
2038,3.163227195s
2039,12.53474463s
2040,26.408091286s
2041,6.77987224s
2042,5.58943057s
2043,6.671134641s
2044,6.191905856s
2045,19.097193567s
2046,2.278295609s
2047,910.253244ms
2048,2.777697893s
2049,10.668077797s
2050,11.420488952s
2051,7.039565707s
2052,5.404220012s
2053,710.493689ms
2054,1.425403338s
2055,12.348502ms
2056,4.839115769s
2057,34.884407686s
2058,12.861117041s
2059,23.547420553s
2060,16.746756107s
2061,211.896931ms
2062,3.322721038s
2063,22.069357487s
2064,11.281412794s
2065,15.282959671s
2066,19.383094239s
2067,9.181549508s
2068,3.81557048s
2069,984.351138ms
2070,10.17608349s
2071,801.678946ms
2072,3.107556847s
2073,9.340078224s
2074,9.307639054s
2075,17.036923564s
2076,14.456416313s
2077,9.683218655s
2078,19.005865167s
2079,8.010727776s
2080,9.523681202s
2081,1.9663624s
2082,12.626648524s
2083,1.525078685s
2084,17.512387126s
2085,20.750131535s
2086,2.623601435s
2087,9.066826773s
2088,651.360429ms
2089,9.524753037s
2090,6.092178479s
2091,9.887192106s
2092,837.834538ms
2093,18.642885221s
2094,2.437415566s
2095,3.284342729s
2096,5.387722662s
2097,13.103224829s
2098,3.77901133s
2099,9.94899336s
2100,9.404254532s
2101,5.079436538s
2102,14.079641837s
2103,34.682517842s
2104,10.583916496s
2105,18.800571221s
2106,557.539726ms
2107,18.609809076s
2108,15.745463235s
2109,20.070395836s
2110,5.192088669s
2111,588.095499ms
2112,11.098976053s
2113,5.538014657s
2114,6.817609469s
2115,679.530447ms
2116,10.900096724s
2117,12.452394406s
2118,17.230815202s
2119,877.617336ms
2120,4.107391843s
2121,12.563944809s
2122,46.449292965s
2123,11.068167272s
2124,13.846233489s
2125,16.263792346s
2126,9.599710262s
2127,6.274619528s
2128,4.691098691s
2129,906.359907ms
2130,30.149253959s
2131,1.688520492s
2132,13.473249009s
2133,5.181664812s
2134,15.772988806s
2135,15.609939598s
2136,159.549344ms
2137,5.623619605s
2138,6.57380277s
2139,12.371125053s
2140,1.780749797s
2141,14.420220113s
2142,20.822903384s
2143,32.412358041s
2144,21.191179712s
2145,2.526607754s
2146,1.276729537s
2147,30.195767304s
2148,1.659393714s
2149,1.996900079s
2150,9.767791427s
2151,1.010869477s
2152,14.80449608s
2153,5.524119027s
2154,2.067909158s
2155,2.719304896s
2156,35.365392226s
2157,14.300117495s
2158,27.176374768s
2159,18.320396543s
2160,10.042599068s
2161,23.916272842s
2162,1.104301898s
2163,8.294830777s
2164,1.310788513s
2165,2.901668216s
2166,1.693129208s
2167,226.034957ms
2168,15.745976502s
2169,7.527073969s
2170,23.822562557s
2171,21.552643278s
2172,9.113704515s
2173,19.303483272s
2174,257.297712ms
2175,1.035041612s
2176,2.366504674s
2177,12.095479716s
2178,25.990808428s
2179,2.486635994s
2180,20.55101786s
2181,27.105405755s
2182,6.001477883s
2183,9.687169495s
2184,26.114563886s
2185,1.101306296s
2186,3.25697098s
2187,1.481809829s
2188,7.059394839s
2189,15.218736654s
2190,11.852590474s
2191,11.505597508s
2192,5.432946029s
2193,4.346777765s
2194,8.409884276s
2195,24.396894076s
2196,379.276728ms
2197,14.294177952s
2198,2.170347146s
2199,4.64453485s
2200,3.519004976s
2201,1.311996565s
2202,7.476089416s
2203,473.095575ms
2204,9.502516183s
2205,3.187369848s
2206,11.012578926s
2207,13.522453968s
2208,3.930282953s
2209,23.312993218s
2210,5.922500417s
2211,13.19984688s
2212,13.476948691s
2213,27.876329385s
2214,10.317048137s
2215,10.529291625s
2216,6.229345072s
2217,11.297610952s
2218,11.508771641s
2219,1.167000108s
2220,19.593742236s
2221,10.921350008s
2222,19.165401195s
2223,29.15270504s
2224,1.831990884s
2225,18.000122165s
2226,9.379420329s
2227,17.006380605s
2228,8.113483124s
2229,3.167483037s
2230,11.030726714s
2231,11.704402272s
2232,30.492934376s
2233,3.177779162s
2234,855.927663ms
2235,36.18917654s
2236,13.653800546s
2237,34.951172813s
2238,4.476346883s
2239,16.896396575s
2240,20.000126777s
2241,14.799900901s
2242,9.210751566s
2243,23.000807092s
2244,12.306663241s
2245,3.393868884s
2246,16.077462244s
2247,2.145272519s
2248,14.750862467s
2249,6.322611978s
2250,10.971246363s
2251,11.31346035s
2252,46.875522157s
2253,12.207329553s
2254,3.62278049s
2255,736.539798ms
2256,28.169806491s
2257,4.757345445s
2258,36.65559904s
2259,12.001977378s
2260,18.357545864s
2261,187.964272ms
2262,5.825694307s
2263,6.95088834s
2264,8.287142371s
2265,8.04594301s
2266,19.214881742s
2267,9.220445912s
2268,70.467143ms
2269,5.0626455s
2270,3.382453145s
2271,11.261250608s
2272,18.885170558s
2273,5.798100817s
2274,1.608905308s
2275,4.742743796s
2276,26.753431443s
2277,6.120864639s
2278,5.623157992s
2279,10.4906392s
2280,6.786135687s
2281,7.30788802s
2282,4.234810042s
2283,5.550546825s
2284,26.231347876s
2285,2.703619436s
2286,25.119152189s
2287,1.467063056s
2288,26.078813984s
2289,54.040282368s
2290,4.089389893s
2291,991.251771ms
2292,13.207726705s
2293,15.046763049s
2294,28.037144344s
2295,52.394911434s
2296,6.648082677s
2297,223.578287ms
2298,12.874329142s
2299,6.012332078s
2300,1.959933882s
2301,3.125583323s
2302,1.497318398s
2303,22.07937407s
2304,3.083635196s
2305,3.191748903s
2306,5.306936099s
2307,63.76128ms
2308,16.775892189s
2309,5.683946345s
2310,30.314587882s
2311,2.933578987s
2312,3.86717693s
2313,6.866057793s
2314,3.157096799s
2315,12.90319804s
2316,1.134959954s
2317,28.977757773s
2318,4.051564978s
2319,131.929023ms
2320,7.441373792s
2321,6.21364298s
2322,25.325644996s
2323,9.835073688s
2324,4.990936276s
2325,3.853178879s
2326,10.094013387s
2327,30.410935169s
2328,8.489570003s
2329,17.727142896s
2330,8.045017657s
2331,4.054635034s
2332,1.390560407s
2333,4.246745518s
2334,5.537355371s
2335,35.684966583s
2336,5.359817341s
2337,7.248245949s
2338,10.078411783s
2339,11.053797419s
2340,1.538362564s
2341,1.15968789s
2342,737.661996ms
2343,1.570825048s
2344,4.694116147s
2345,6.756399402s
2346,49.484526397s
2347,23.191377675s
2348,250.07324ms
2349,3.070336055s
2350,11.445403484s
2351,28.078052059s
2352,19.453262883s
2353,1.426366028s
2354,797.231781ms
2355,7.071092994s
2356,8.672267965s
2357,9.12746474s
2358,3.227275665s
2359,14.282079537s
2360,864.73332ms
2361,18.372028609s
2362,342.19351ms
2363,27.429495259s
2364,32.691279247s
2365,15.946893285s
2366,135.875696ms
2367,10.205014875s
2368,26.652346148s
2369,9.557807739s
2370,18.872382465s
2371,16.820317263s
2372,3.274629548s
2373,10.961808365s
2374,1.806981027s
2375,7.097827062s
2376,9.371923036s
2377,4.949506713s
2378,2.866783566s
2379,8.925626215s
2380,11.004794584s
2381,32.336602407s
2382,14.474285039s
2383,14.396564705s
2384,20.555401432s
2385,4.158938246s
2386,10.651258429s
2387,4.537048099s
2388,10.537996073s
2389,1.422900867s
2390,13.377635292s
2391,13.8450627s
2392,3.853259153s
2393,9.279196223s
2394,9.987152522s
2395,13.610916215s
2396,4.454147131s
2397,3.680373547s
2398,10.102463758s
2399,3.62120705s
2400,3.733551607s
2401,13.850506121s
2402,15.027539748s
2403,11.887297522s
2404,6.60456566s
2405,25.260454696s
2406,10.359976078s
2407,7.489244791s
2408,5.372455828s
2409,15.981650879s
2410,28.647111076s
2411,207.989084ms
2412,486.974761ms
2413,17.841697136s
2414,44.332280708s
2415,7.326832055s
2416,9.83218913s
2417,3.061018171s
2418,20.587609519s
2419,41.050315381s
2420,3.364298397s
2421,15.348937266s
2422,322.637581ms
2423,32.078080536s
2424,8.09954963s
2425,5.675754361s
2426,20.071693613s
2427,5.262442728s
2428,2.037093824s
2429,13.815775422s
2430,13.860407409s
2431,1.751706183s
2432,6.35523927s
2433,6.494374509s
2434,3.252195102s
2435,19.213836215s
2436,29.135356298s
2437,18.081218264s
2438,28.136752406s
2439,4.228419744s
2440,18.858904775s
2441,22.106763524s
2442,50.49413822s
2443,3.095150387s
2444,9.44549828s
2445,5.763733281s
2446,10.721372397s
2447,2.697768695s
2448,9.334695052s
2449,8.963478012s
2450,23.718824103s
2451,1.553706453s
2452,18.815988232s
2453,1.633524834s
2454,2.776218232s
2455,3.820819647s
2456,3.973147955s
2457,27.651317441s
2458,9.230877758s
2459,12.247285665s
2460,7.090240094s
2461,13.505703389s
2462,15.006889556s
2463,1.215191356s
2464,13.661877798s
2465,4.798697296s
2466,16.165775742s
2467,9.333351572s
2468,28.556031ms
2469,30.58755402s
2470,7.986938051s
2471,9.868908533s
2472,37.205338548s
2473,4.06558013s
2474,8.343596699s
2475,14.58413983s
2476,9.844353444s
2477,36.80284385s
2478,2.60951823s
2479,11.41468199s
2480,3.930907562s
2481,6.750015085s
2482,4.031358887s
2483,29.788233085s
2484,778.839471ms
2485,20.56346731s
2486,1.830673069s
2487,4.287864081s
2488,1.325829821s
2489,1.507213741s
2490,6.345244512s
2491,43.038694012s
2492,227.401675ms
2493,2.054237372s
2494,9.159636235s
2495,3.156779476s
2496,14.016516663s
2497,12.622807051s
2498,8.062675361s
2499,10.116922685s
2500,6.157238433s
2501,997.518593ms
2502,2.382226715s
2503,45.379158158s
2504,1.63366051s
2505,18.954079546s
2506,14.03430526s
2507,3.801614538s
2508,22.330496177s
2509,12.158774551s
2510,20.700337306s
2511,4.219042793s
2512,13.282464061s
2513,16.304685194s
2514,1.512718572s
2515,774.505369ms
2516,1.630985321s
2517,4.960091977s
2518,21.567031196s
2519,19.020504958s
2520,64.900104ms
2521,3.163134074s
2522,16.606285652s
2523,18.323554451s
2524,11.791607631s
2525,1.918840398s
2526,2.307420375s
2527,9.895838069s
2528,10.115374379s
2529,15.481659497s
2530,2.671385758s
2531,4.901983846s
2532,6.052053274s
2533,6.152984963s
2534,133.85563ms
2535,5.807644807s
2536,2.057777214s
2537,7.372846415s
2538,11.139020442s
2539,1.313470613s
2540,29.085715661s
2541,2.615009659s
2542,28.16102203s
2543,31.125996054s
2544,1.639751946s
2545,30.185252442s
2546,5.047306492s
2547,14.982353353s
2548,462.113624ms
2549,13.563576338s
2550,15.147036815s
2551,976.916618ms
2552,5.442081332s
2553,12.812806912s
2554,3.452293828s
2555,35.283353949s
2556,573.193775ms
2557,8.147096973s
2558,19.950814356s
2559,15.364124062s
2560,5.564377311s
2561,529.176007ms
2562,11.137541256s
2563,15.933246213s
2564,4.747252025s
2565,9.597784239s
2566,3.588747733s
2567,25.240403356s
2568,11.547710669s
2569,11.321555913s
2570,26.733442766s
2571,1.787574583s
2572,192.868574ms
2573,6.487275205s
2574,22.634019677s
2575,3.796470616s
2576,9.641167095s
2577,3.885013852s
2578,5.611965829s
2579,8.755231816s
2580,2.809223915s
2581,7.465925927s
2582,23.792872641s
2583,8.011183343s
2584,14.6937148s
2585,37.008084604s
2586,308.306857ms
2587,846.117079ms
2588,8.986868161s
2589,1.247025792s
2590,8.426558495s
2591,4.16749789s
2592,4.069945063s
2593,2.454380798s
2594,5.701168087s
2595,24.289259379s
2596,22.231232385s
2597,3.027521811s
2598,2.28426655s
2599,45.228216089s
2600,2.635840968s
2601,20.189969542s
2602,8.008547999s
2603,12.350368166s
2604,14.152027528s
2605,3.592498196s
2606,39.156910232s
2607,3.144095875s
2608,9.376640593s
2609,3.691809467s
2610,918.775692ms
2611,19.906762475s
2612,2.345840934s
2613,7.933729098s
2614,8.280810774s
2615,7.630982907s
2616,27.155530574s
2617,12.41131035s
2618,7.185134437s
2619,48.18322971s
2620,13.172351712s
2621,7.083196794s
2622,1.169005674s
2623,29.190090336s
2624,44.345978409s
2625,11.628575029s
2626,26.278194684s
2627,15.373816041s
2628,18.222682929s
2629,3.655141961s
2630,7.918739747s
2631,2.901422985s
2632,872.718749ms
2633,370.365835ms
2634,33.349976334s
2635,1.799576468s
2636,7.703519383s
2637,14.432263508s
2638,2.068426813s
2639,18.676799737s
2640,8.189227868s
2641,26.219299915s
2642,19.267387298s
2643,21.994219566s
2644,7.008069132s
2645,46.747314513s
2646,677.134429ms
2647,8.031041469s
2648,13.097993269s
2649,11.144608593s
2650,8.784599202s
2651,1.50804286s
2652,3.827480702s
2653,16.010059848s
2654,15.925943082s
2655,734.746392ms
2656,16.58718142s
2657,8.421969276s
2658,5.198079522s
2659,39.255210869s
2660,2.4419897s
2661,4.417484742s
2662,12.943180043s
2663,16.146319497s
2664,18.610344954s
2665,10.105492655s
2666,816.627507ms
2667,14.981857688s
2668,11.747908408s
2669,14.322597353s
2670,22.730134733s
2671,33.044291546s
2672,7.661773844s
2673,32.486991656s
2674,18.17593152s
2675,489.442922ms
2676,27.896772444s
2677,23.916246237s
2678,284.703944ms
2679,1.286132855s
2680,23.338451201s
2681,250.543001ms
2682,9.262921174s
2683,34.243701152s
2684,631.148458ms
2685,15.732130968s
2686,9.243635355s
2687,7.374435232s
2688,2.445564141s
2689,14.309142748s
2690,6.688444047s
2691,401.934908ms
2692,4.000197046s
2693,4.162436327s
2694,493.405905ms
2695,762.362933ms
2696,5.545266507s
2697,15.00165902s
2698,34.745296737s
2699,12.407092687s
2700,12.387037434s
2701,13.93092602s
2702,9.195996866s
2703,7.237750293s
2704,374.872963ms
2705,3.153342141s
2706,1.707806877s
2707,7.390029092s
2708,3.85202426s
2709,6.20337907s
2710,5.761698825s
2711,6.94501284s
2712,645.058627ms
2713,2.201955173s
2714,14.510822145s
2715,2.325799253s
2716,706.363798ms
2717,6.291862127s
2718,1.335683858s
2719,20.982388963s
2720,136.274751ms
2721,6.028858304s
2722,10.674460383s
2723,20.445895052s
2724,10.851466058s
2725,9.066015391s
2726,5.998942012s
2727,7.202975757s
2728,1.117698653s
2729,8.881257436s
2730,28.766695389s
2731,14.776666912s
2732,3.445305034s
2733,1.156559223s
2734,3.586639227s
2735,1.570563115s
2736,21.153529126s
2737,5.351240648s
2738,29.971688618s
2739,4.871302605s
2740,1.947449549s
2741,32.407740524s
2742,3.776574068s
2743,5.649138003s
2744,13.213700198s
2745,6.422327993s
2746,26.684481058s
2747,12.870052798s
2748,15.829016768s
2749,15.548367993s
2750,11.245929291s
2751,6.582312205s
2752,14.928692694s
2753,14.70985249s
2754,1.923753466s
2755,3.137062276s
2756,4.391548923s
2757,11.618893627s
2758,8.011851482s
2759,17.717303852s
2760,1.069054136s
2761,7.510116547s
2762,2.603331342s
2763,2.664705293s
2764,44.262984408s
2765,4.191938522s
2766,6.372420837s
2767,8.181477813s
2768,746.927148ms
2769,4.220952133s
2770,9.936573276s
2771,26.915491852s
2772,5.200314201s
2773,35.667743582s
2774,1.028782338s
2775,167.963913ms
2776,29.156208596s
2777,2.591626549s
2778,4.154060426s
2779,4.069136949s
2780,1.019772347s
2781,15.679945528s
2782,2.676214916s
2783,2.873924087s
2784,2.585163244s
2785,9.725917774s
2786,28.826951498s
2787,14.747380016s
2788,12.813309788s
2789,9.094735739s
2790,1.324708245s
2791,2.093661705s
2792,44.293799234s
2793,15.024932393s
2794,905.158995ms
2795,2.698443158s
2796,2.204267955s
2797,13.181945989s
2798,4.566068204s
2799,17.016951439s
2800,5.826663196s
2801,1.778894956s
2802,3.399248018s
2803,1.915088861s
2804,3.632718169s
2805,4.610495154s
2806,1.720417466s
2807,7.364543063s
2808,8.926310118s
2809,3.237382647s
2810,442.249448ms
2811,33.7213278s
2812,9.021599501s
2813,4.480339203s
2814,5.520584026s
2815,44.653120694s
2816,1.909564761s
2817,30.594657181s
2818,17.31598446s
2819,15.682191759s
2820,6.479509308s
2821,8.4645574s
2822,704.868039ms
2823,3.178384077s
2824,12.027366041s
2825,22.06032858s
2826,5.084336573s
2827,19.719271741s
2828,1.782520404s
2829,5.654915208s
2830,34.048608617s
2831,7.346900703s
2832,14.926918424s
2833,6.098563s
2834,1.757184113s
2835,16.169610357s
2836,19.654724946s
2837,6.751130133s
2838,6.278390952s
2839,23.557282516s
2840,14.967461968s
2841,15.896648904s
2842,15.737322972s
2843,1.169509392s
2844,12.170503196s
2845,376.777603ms
2846,7.379259842s
2847,9.183676053s
2848,46.827106318s
2849,9.953428541s
2850,16.295056659s
2851,6.652978957s
2852,242.792506ms
2853,847.645739ms
2854,11.162299875s
2855,35.264252571s
2856,22.404723693s
2857,9.843885243s
2858,19.188011743s
2859,35.623577664s
2860,12.705367892s
2861,33.206590218s
2862,9.85152699s
2863,5.396138827s
2864,8.552702662s
2865,5.535723196s
2866,41.315546405s
2867,6.041193158s
2868,3.891614519s
2869,13.506695647s
2870,20.149960276s
2871,23.362414847s
2872,5.741559882s
2873,19.855971048s
2874,12.674749656s
2875,3.803756149s
2876,32.450584226s
2877,8.282237869s
2878,10.747407803s
2879,9.159545254s
2880,11.00553722s
2881,2.154376581s
2882,21.346222089s
2883,13.39359417s
2884,10.186573816s
2885,1.662546572s
2886,11.48738998s
2887,51.287801969s
2888,2.406483301s
2889,3.749626926s
2890,9.424254259s
2891,4.112271847s
2892,2.209161629s
2893,9.467883896s
2894,6.679069327s
2895,225.597478ms
2896,4.789899176s
2897,3.611448155s
2898,23.127873998s
2899,21.26903533s
2900,4.573336787s
2901,4.870499926s
2902,16.644774413s
2903,5.570181921s
2904,3.026982055s
2905,12.693569219s
2906,8.600769331s
2907,11.209345223s
2908,6.051572031s
2909,2.795975108s
2910,10.432375027s
2911,10.269060979s
2912,1.700497204s
2913,25.882056869s
2914,5.185616624s
2915,1.666999616s
2916,1.96421743s
2917,34.593067552s
2918,20.380583153s
2919,10.392382189s
2920,5.323720218s
2921,727.696642ms
2922,38.63932402s
2923,24.367445205s
2924,31.734616287s
2925,28.085099418s
2926,39.463157216s
2927,864.043254ms
2928,14.851461106s
2929,13.912028748s
2930,1.992341328s
2931,2.682564535s
2932,25.948601453s
2933,2.233453992s
2934,5.414584745s
2935,5.292283475s
2936,7.613155502s
2937,3.648086636s
2938,6.799118537s
2939,1.563408773s
2940,8.841869605s
2941,3.240760057s
2942,16.194562086s
2943,16.349213062s
2944,1.991106682s
2945,34.301177388s
2946,12.575050149s
2947,6.138468608s
2948,6.131227092s
2949,7.694268379s
2950,2.170403037s
2951,13.553442378s
2952,32.037036216s
2953,7.352657746s
2954,884.989314ms
2955,14.723493072s
2956,370.476278ms
2957,22.129729311s
2958,3.887233775s
2959,4.171517769s
2960,15.582505322s
2961,8.938863338s
2962,6.23518134s
2963,7.127898651s
2964,4.094422823s
2965,23.783294249s
2966,2.8174326s
2967,30.845447473s
2968,6.278528304s
2969,16.03486438s
2970,1.624574125s
2971,18.877122626s
2972,1.728009542s
2973,8.146515937s
2974,17.714439062s
2975,9.179616201s
2976,7.974197572s
2977,8.319587455s
2978,6.657907592s
2979,9.923819148s
2980,8.704348248s
2981,1.068595711s
2982,12.921296522s
2983,13.085680814s
2984,4.093080774s
2985,24.055962196s
2986,9.054528223s
2987,2.998991212s
2988,20.112532557s
2989,686.601251ms
2990,14.574357524s
2991,16.546215976s
2992,15.186404899s
2993,5.953913572s
2994,1.424521733s
2995,2.684153116s
2996,3.67806494s
2997,875.013737ms
2998,19.529726944s
2999,6.516604855s
3000,2.405775677s
3001,5.199273567s
3002,18.580888041s
3003,4.167387291s
3004,14.784509286s
3005,1.522235212s
3006,23.02568107s
3007,27.942835467s
3008,8.69250919s
3009,7.835179475s
3010,10.771377036s
3011,161.299246ms
3012,37.879703178s
3013,12.764602329s
3014,6.648565074s
3015,3.980672288s
3016,3.882388302s
3017,22.226326798s
3018,4.067506566s
3019,12.79209053s
3020,16.602043922s
3021,12.213548236s
3022,4.613527953s
3023,11.926982401s
3024,1.433323329s
3025,10.614647288s
3026,6.729623912s
3027,5.531888268s
3028,51.71938739s
3029,429.859077ms
3030,10.509871997s
3031,23.95313221s
3032,27.993918845s
3033,1.936721828s
3034,26.488990049s
3035,317.297183ms
3036,20.204901753s
3037,5.247463192s
3038,12.398597048s
3039,3.160865648s
3040,24.387937602s
3041,2.30528571s
3042,11.506157634s
3043,307.484613ms
3044,881.732039ms
3045,13.950713453s
3046,16.234691651s
3047,9.534827217s
3048,4.281848972s
3049,16.087900675s
3050,39.778036886s
3051,3.205249158s
3052,72.146173ms
3053,3.596526758s
3054,13.10795745s
3055,1.541175528s
3056,151.409229ms
3057,25.305002866s
3058,24.069097402s
3059,5.34022225s
3060,25.514679771s
3061,1.892040835s
3062,3.117599437s
3063,23.537523997s
3064,21.306204901s
3065,24.475445897s
3066,6.157481343s
3067,1.085032279s
3068,1.053336227s
3069,486.671188ms
3070,16.195266535s
3071,4.793110784s
3072,10.327475322s
3073,11.867462818s
3074,12.069527818s
3075,12.412847391s
3076,3.250258082s
3077,9.581660762s
3078,12.321919257s
3079,8.935934811s
3080,10.499582379s
3081,10.957958132s
3082,1.044610405s
3083,9.355897737s
3084,1.609036401s
3085,7.557267683s
3086,4.134452336s
3087,1.071525887s
3088,26.119741109s
3089,4.115818447s
3090,29.306830024s
3091,17.371752061s
3092,21.207574384s
3093,6.040745235s
3094,2.328848789s
3095,13.938563043s
3096,10.420026982s
3097,37.487216952s
3098,18.745165492s
3099,35.555529233s
3100,5.944093729s
3101,8.595240298s
3102,1.272953642s
3103,6.057616368s
3104,31.536684332s
3105,8.945856799s
3106,6.996937186s
3107,164.986604ms
3108,916.822872ms
3109,6.63439392s
3110,38.783845198s
3111,3.644206958s
3112,27.842907712s
3113,1.863339937s
3114,15.388585689s
3115,30.052363666s
3116,10.963752707s
3117,11.667671267s
3118,6.69786477s
3119,1.001582684s
3120,4.900763953s
3121,35.912241593s
3122,2.063447602s
3123,12.591421626s
3124,41.32019673s
3125,47.809609786s
3126,13.333693189s
3127,9.270695986s
3128,746.515036ms
3129,10.687190675s
3130,5.187227751s
3131,4.335334318s
3132,8.10456909s
3133,6.000341442s
3134,22.102413937s
3135,3.907295015s
3136,19.91300643s
3137,15.476607587s
3138,556.809021ms
3139,4.273745541s
3140,2.081462459s
3141,5.509438035s
3142,10.759457362s
3143,2.258524535s
3144,9.540465029s
3145,542.423822ms
3146,3.532914896s
3147,8.934029646s
3148,11.704071204s
3149,4.378940513s
3150,10.123934992s
3151,39.281875424s
3152,10.991185529s
3153,11.390434986s
3154,1.973411673s
3155,12.790467347s
3156,10.355328093s
3157,19.818821687s
3158,47.506759854s
3159,1.138494593s
3160,24.149291382s
3161,43.339270566s
3162,11.683701909s
3163,7.049343751s
3164,27.034629256s
3165,12.901208676s
3166,11.628500855s
3167,1m2.8216668s
3168,26.063093304s
3169,965.011623ms
3170,15.406949849s
3171,12.566323497s
3172,14.295714006s
3173,24.176877203s
3174,3.686828152s
3175,24.839067082s
3176,15.055695102s
3177,6.345614098s
3178,25.994174082s
3179,2.056130901s
3180,2.631148455s
3181,1.716802462s
3182,26.134110705s
3183,2.905831015s
3184,2.786563776s
3185,8.850017595s
3186,11.951606285s
3187,4.498098575s
3188,26.177399572s
3189,1m1.476845893s
3190,16.847274115s
3191,3.589901801s
3192,4.851185518s
3193,3.148770079s
3194,14.547849231s
3195,4.966651029s
3196,587.301016ms
3197,686.295561ms
3198,814.299247ms
3199,12.939916107s
3200,7.028869122s
3201,8.110901898s
3202,6.176583539s
3203,1.488318848s
3204,4.31718442s
3205,2.419439446s
3206,15.940484512s
3207,5.185285977s
3208,21.209455994s
3209,21.989364964s
3210,10.533113098s
3211,8.454923505s
3212,7.55650652s
3213,13.317314799s
3214,28.271672871s
3215,24.272040917s
3216,26.113379764s
3217,3.002523613s
3218,982.64797ms
3219,10.987761777s
3220,14.340010243s
3221,28.027772253s
3222,44.65171956s
3223,9.552588192s
3224,17.610687358s
3225,21.071436528s
3226,29.784438882s
3227,5.742377097s
3228,2.360600495s
3229,7.254452012s
3230,4.360519758s
3231,23.102454177s
3232,26.704214516s
3233,20.872332104s
3234,3.265881677s
3235,2.884163417s
3236,986.208291ms
3237,18.911995778s
3238,11.931750731s
3239,19.262036883s
3240,4.639954429s
3241,13.837487289s
3242,791.072773ms
3243,8.924795493s
3244,12.428963022s
3245,35.084042308s
3246,1.916447629s
3247,15.386618983s
3248,30.363858911s
3249,49.467110383s
3250,15.77524257s
3251,16.945587959s
3252,889.860369ms
3253,232.145144ms
3254,607.751988ms
3255,22.01912358s
3256,12.823660728s
3257,4.905273217s
3258,39.871805047s
3259,1.370295561s
3260,13.377607466s
3261,7.784771765s
3262,2.318524249s
3263,1.682646601s
3264,4.24889625s
3265,13.626120701s
3266,4.739017877s
3267,5.271732819s
3268,3.53065674s
3269,6.471890976s
3270,2.514341068s
3271,10.714445461s
3272,228.571342ms
3273,844.62178ms
3274,6.877634639s
3275,9.460883592s
3276,3.172598522s
3277,10.632648837s
3278,4.253349584s
3279,28.174510219s
3280,2.269471634s
3281,28.353936421s
3282,3.026829469s
3283,19.137081861s
3284,15.287369517s
3285,1.920658044s
3286,6.978812973s
3287,12.314411295s
3288,3.271799227s
3289,14.9981562s
3290,1.796655543s
3291,4.250161429s
3292,9.502319711s
3293,1.946739974s
3294,4.838753103s
3295,1.714427543s
3296,15.310252904s
3297,5.074809691s
3298,935.48727ms
3299,1.403688955s
3300,18.126075423s
3301,10.415067s
3302,8.619764064s
3303,126.860698ms
3304,9.195916426s
3305,18.154997241s
3306,25.516205349s
3307,5.339876983s
3308,2.987511683s
3309,8.276630155s
3310,6.141121961s
3311,1.050782012s
3312,3.277898643s
3313,3.066227653s
3314,21.88920514s
3315,12.90725816s
3316,10.533871467s
3317,16.21445428s
3318,11.039146203s
3319,8.494728971s
3320,560.795165ms
3321,255.592304ms
3322,16.18334091s
3323,1.038260783s
3324,11.935413423s
3325,9.23363839s
3326,5.75925371s
3327,6.503413149s
3328,2.63342328s
3329,11.317534273s
3330,6.741589247s
3331,4.901041633s
3332,26.097547213s
3333,4.302383681s
3334,9.549152611s
3335,3.91840615s
3336,4.659165151s
3337,27.315528ms
3338,2.159188618s
3339,9.783198468s
3340,522.13315ms
3341,2.2805638s
3342,2.035842559s
3343,242.461423ms
3344,9.350190093s
3345,5.402775583s
3346,3.610129493s
3347,12.45690102s
3348,1.818756193s
3349,2.190843304s
3350,9.338546523s
3351,11.518098107s
3352,12.991316637s
3353,282.592258ms
3354,2.368916559s
3355,2.486591343s
3356,2.583868044s
3357,25.416907437s
3358,1.507898858s
3359,10.618302596s
3360,52.030472771s
3361,3.619928983s
3362,15.999725532s
3363,339.921172ms
3364,1.953175814s
3365,27.170852329s
3366,28.344443188s
3367,1.821814022s
3368,8.195102233s
3369,3.799258504s
3370,17.684977859s
3371,2.003534411s
3372,15.603439527s
3373,140.003495ms
3374,3.660326889s
3375,4.054371143s
3376,7.565574526s
3377,2.135741068s
3378,23.90143089s
3379,4.233980919s
3380,15.240566037s
3381,4.092480417s
3382,11.033549131s
3383,7.78279095s
3384,5.771453672s
3385,5.969166537s
3386,18.204896195s
3387,54.991969952s
3388,1.838448817s
3389,7.583193019s
3390,8.757718586s
3391,3.869212926s
3392,12.495497834s
3393,1.14570976s
3394,6.819189276s
3395,10.257023124s
3396,14.178764783s
3397,9.681344496s
3398,3.367319182s
3399,16.884483629s
3400,1.662436348s
3401,20.903928964s
3402,10.636704344s
3403,16.587590739s
3404,8.343976608s
3405,3.004696126s
3406,8.922872419s
3407,10.557362584s
3408,36.531691583s
3409,1.766833872s
3410,657.282619ms
3411,7.027005232s
3412,20.871796461s
3413,3.791697181s
3414,23.973230822s
3415,31.23924184s
3416,17.125566521s
3417,842.632819ms
3418,1.449370612s
3419,2.644322843s
3420,8.914149866s
3421,11.673917022s
3422,9.531303347s
3423,6.700897193s
3424,783.933374ms
3425,4.287920015s
3426,6.647853983s
3427,5.69765493s
3428,466.62196ms
3429,594.419201ms
3430,7.973285942s
3431,3.968995834s
3432,26.650949726s
3433,7.228438165s
3434,759.993925ms
3435,11.386880172s
3436,17.056744994s
3437,22.209960981s
3438,4.155395672s
3439,2.453828326s
3440,4.630665583s
3441,833.088007ms
3442,13.007566106s
3443,6.109810031s
3444,4.870489504s
3445,6.586862883s
3446,2.498954234s
3447,38.486649402s
3448,3.20790316s
3449,16.106749523s
3450,3.555439623s
3451,3.015553888s
3452,2.064558917s
3453,14.255743001s
3454,7.657320608s
3455,17.381388284s
3456,2.02027901s
3457,507.660939ms
3458,9.866000908s
3459,3.902588807s
3460,18.225514445s
3461,10.278983832s
3462,6.918565187s
3463,3.528971029s
3464,22.271941439s
3465,3.154443608s
3466,3.514818858s
3467,31.710832264s
3468,304.742922ms
3469,7.056997808s
3470,207.804756ms
3471,32.356639907s
3472,6.924551448s
3473,4.442008746s
3474,14.283969085s
3475,16.530610418s
3476,12.064577406s
3477,731.840561ms
3478,5.747494067s
3479,2.170472509s
3480,10.866760819s
3481,1.219766455s
3482,13.896399833s
3483,163.518269ms
3484,12.833636867s
3485,5.993089376s
3486,20.343826946s
3487,4.359221483s
3488,9.356865367s
3489,11.862267971s
3490,2.123923453s
3491,823.810734ms
3492,13.017711136s
3493,5.10751997s
3494,6.729441282s
3495,6.653085651s
3496,149.813392ms
3497,10.15413026s
3498,46.460157365s
3499,28.163024384s
3500,4.36771464s
3501,12.659617405s
3502,16.895387133s
3503,3.35512916s
3504,727.712684ms
3505,7.992112177s
3506,2.840863103s
3507,7.960580432s
3508,3.02008536s
3509,6.77525248s
3510,2.673374979s
3511,1.769946555s
3512,1.613245403s
3513,6.750425885s
3514,1.664429266s
3515,11.835797893s
3516,10.959967817s
3517,6.298675688s
3518,8.523751703s
3519,11.48126156s
3520,1.944029391s
3521,11.205234433s
3522,3.03071463s
3523,16.746745117s
3524,1.574588538s
3525,974.757088ms
3526,7.6952966s
3527,8.096224391s
3528,3.349126899s
3529,14.331861227s
3530,10.931759102s
3531,1.967664457s
3532,3.394145511s
3533,11.114048111s
3534,7.466870553s
3535,14.964690549s
3536,15.634228484s
3537,13.281899942s
3538,6.98488483s
3539,9.958557605s
3540,5.404157621s
3541,24.913750734s
3542,16.274387045s
3543,27.275244374s
3544,8.178601859s
3545,1.618122447s
3546,36.135252301s
3547,7.457285682s
3548,7.660253957s
3549,17.98589024s
3550,7.186545312s
3551,2.223997432s
3552,21.201661965s
3553,3.128804612s
3554,24.446421597s
3555,3.521699145s
3556,612.002078ms
3557,4.256000706s
3558,7.669316832s
3559,18.134333ms
3560,8.888480488s
3561,14.112490763s
3562,6.203112924s
3563,3.815040704s
3564,10.41796953s
3565,4.48495434s
3566,2.278815608s
3567,67.811116ms
3568,15.787212119s
3569,13.529286411s
3570,15.140877828s
3571,8.444218848s
3572,23.509177357s
3573,6.671579463s
3574,915.590191ms
3575,14.578468552s
3576,29.247873756s
3577,384.510819ms
3578,1.489273403s
3579,280.734536ms
3580,3.754422789s
3581,2.263315299s
3582,29.371083209s
3583,1.091219711s
3584,1.486534908s
3585,12.524252217s
3586,6.428057438s
3587,7.490899687s
3588,47.089561557s
3589,2.755987996s
3590,3.803685514s
3591,2.135999409s
3592,22.818951055s
3593,3.44506288s
3594,2.453119395s
3595,15.576221671s
3596,16.350287065s
3597,5.306650857s
3598,7.63912025s
3599,9.944685307s
3600,13.741297663s
3601,9.856944843s
3602,11.871537158s
3603,3.269551774s
3604,9.412902933s
3605,2.379787601s
3606,6.260663015s
3607,23.159590976s
3608,7.468537594s
3609,3.816382921s
3610,9.016704774s
3611,14.767745138s
3612,6.370864714s
3613,434.642172ms
3614,21.382530228s
3615,5.447107612s
3616,3.607744999s
3617,1.200150858s
3618,1.692968269s
3619,36.434348595s
3620,5.510925507s
3621,5.936931214s
3622,28.18074691s
3623,56.313939095s
3624,8.373513355s
3625,199.799153ms
3626,10.73658318s
3627,10.357461216s
3628,44.024738546s
3629,8.5855102s
3630,33.562682341s
3631,10.389964301s
3632,54.043685ms
3633,11.463207191s
3634,16.575098181s
3635,8.080216113s
3636,3.602793651s
3637,24.334461735s
3638,25.837070948s
3639,26.674325907s
3640,3.254087621s
3641,39.545060873s
3642,26.352886746s
3643,1m7.241026028s
3644,448.966587ms
3645,15.934381501s
3646,7.382904825s
3647,13.737478679s
3648,4.624145311s
3649,8.066933006s
3650,2.576476088s
3651,3.384551141s
3652,936.823832ms
3653,4.154780059s
3654,1.652180458s
3655,1.132092291s
3656,13.673506594s
3657,23.681200842s
3658,19.203965081s
3659,10.597293669s
3660,21.070872361s
3661,5.315022421s
3662,20.321465966s
3663,17.862100734s
3664,15.176757759s
3665,11.051796412s
3666,1.474002315s
3667,11.105561862s
3668,9.535045903s
3669,7.701624992s
3670,30.395109077s
3671,7.538961708s
3672,2.995107643s
3673,12.967446789s
3674,1.289308811s
3675,21.631266463s
3676,50.204616733s
3677,1.94198337s
3678,10.563240242s
3679,3.385399551s
3680,510.75984ms
3681,2.976734379s
3682,2.875231334s
3683,1.576888419s
3684,1.364209039s
3685,20.034705478s
3686,5.03817158s
3687,382.910277ms
3688,1.531021616s
3689,20.661514555s
3690,3.927450992s
3691,2.737273732s
3692,3.762451373s
3693,11.528666441s
3694,21.317775521s
3695,16.716539584s
3696,30.191380963s
3697,19.602180179s
3698,12.744396954s
3699,12.145006968s
3700,5.84880531s
3701,437.437042ms
3702,15.071286642s
3703,134.383348ms
3704,6.954205863s
3705,2.295137043s
3706,2.56671102s
3707,1m4.769426413s
3708,9.192573148s
3709,4.916151886s
3710,6.500493534s
3711,12.70686915s
3712,4.227097721s
3713,635.553542ms
3714,984.826626ms
3715,1.064747132s
3716,16.039340383s
3717,32.9895712s
3718,3.734536441s
3719,1.868107945s
3720,13.390106636s
3721,11.825256329s
3722,4.810269446s
3723,6.147509582s
3724,22.942515512s
3725,17.112335933s
3726,1.822256047s
3727,17.502549108s
3728,3.762389396s
3729,4.198127961s
3730,36.635930718s
3731,20.746109394s
3732,15.866722098s
3733,294.668877ms
3734,329.379397ms
3735,25.796363688s
3736,11.074315047s
3737,3.679645128s
3738,2.188433235s
3739,8.221661254s
3740,13.981393202s
3741,5.716474184s
3742,2.441286554s
3743,19.736052229s
3744,806.1682ms
3745,4.960794706s
3746,2.600790532s
3747,18.421868647s
3748,8.334613084s
3749,4.788205628s
3750,568.041181ms
3751,3.678354635s
3752,1m3.70827448s
3753,14.681058265s
3754,7.545542317s
3755,1.898717213s
3756,11.898288233s
3757,13.717554622s
3758,12.973921741s
3759,9.293947762s
3760,884.507028ms
3761,6.045226894s
3762,1.464777087s
3763,10.621047629s
3764,15.008316233s
3765,29.690703404s
3766,13.779726398s
3767,6.406230012s
3768,26.437995632s
3769,2.494103931s
3770,8.585916732s
3771,45.943095568s
3772,15.054872559s
3773,10.13688173s
3774,7.833927661s
3775,4.260212086s
3776,1.028865579s
3777,4.43577602s
3778,26.43958966s
3779,2.272660444s
3780,20.859457115s
3781,20.740961391s
3782,642.190486ms
3783,9.806139872s
3784,1.692538324s
3785,5.894247967s
3786,3.09615828s
3787,2.361660643s
3788,15.532737842s
3789,8.713744262s
3790,7.454627789s
3791,7.258900829s
3792,26.891708891s
3793,10.672584782s
3794,3.288582316s
3795,37.702913639s
3796,7.891542724s
3797,14.787092326s
3798,48.379929373s
3799,9.679791664s
3800,3.53810683s
3801,12.14211784s
3802,2.332284525s
3803,3.537127853s
3804,7.689698272s
3805,4.198324814s
3806,6.345652258s
3807,24.658947531s
3808,8.601020467s
3809,11.871446465s
3810,24.53310846s
3811,58.929763ms
3812,5.669582249s
3813,2.507509519s
3814,9.251574218s
3815,23.658264294s
3816,4.618844404s
3817,7.251206424s
3818,6.049543412s
3819,2.090892427s
3820,1.933784935s
3821,8.140640519s
3822,9.357204329s
3823,203.298593ms
3824,12.337673481s
3825,14.016508266s
3826,16.594905776s
3827,3.577225962s
3828,7.672971205s
3829,22.065085465s
3830,6.645165899s
3831,1.692564229s
3832,8.570680355s
3833,35.668842369s
3834,2.3354334s
3835,4.195989112s
3836,28.16165235s
3837,5.17190081s
3838,5.293878656s
3839,57.753882648s
3840,1.374351676s
3841,5.498912339s
3842,5.519571972s
3843,15.758623386s
3844,3.657237784s
3845,9.048679241s
3846,713.575703ms
3847,6.339180232s
3848,1.340635809s
3849,15.608270619s
3850,36.48147525s
3851,3.10406475s
3852,20.043575568s
3853,3.55862332s
3854,3.159306895s
3855,10.628106101s
3856,19.954683863s
3857,2.239150464s
3858,28.247788618s
3859,8.206819045s
3860,768.677692ms
3861,9.219576731s
3862,1.254730205s
3863,7.377000538s
3864,50.691543103s
3865,8.990992374s
3866,4.700827152s
3867,862.160052ms
3868,3.332531203s
3869,15.218186023s
3870,3.980725334s
3871,18.644796686s
3872,7.593823637s
3873,5.998098837s
3874,7.683450807s
3875,26.444227908s
3876,7.590253309s
3877,4.638744036s
3878,5.920793706s
3879,3.754652689s
3880,3.325387081s
3881,36.851524768s
3882,8.434214969s
3883,342.79639ms
3884,3.068581315s
3885,2.48629447s
3886,1.353813091s
3887,1.146627342s
3888,1.586171147s
3889,19.05605779s
3890,8.962537546s
3891,6.246249905s
3892,9.075700404s
3893,4.366840585s
3894,5.921276183s
3895,2.572454458s
3896,7.716421859s
3897,6.339046024s
3898,5.843050069s
3899,7.113099105s
3900,13.438296248s
3901,183.671789ms
3902,16.487653388s
3903,765.950274ms
3904,8.729681147s
3905,47.564761989s
3906,11.236143548s
3907,9.265746594s
3908,2.532091329s
3909,278.300251ms
3910,7.248567672s
3911,4.285877131s
3912,20.744753172s
3913,17.626366917s
3914,1.721963019s
3915,10.416443ms
3916,2.606542094s
3917,2.535230282s
3918,14.180936459s
3919,4.136174442s
3920,1.409833037s
3921,24.262849498s
3922,4.322977604s
3923,5.030866564s
3924,3.47718685s
3925,6.791626782s
3926,5.047581445s
3927,13.357320844s
3928,6.582941237s
3929,15.131819085s
3930,35.286280674s
3931,44.711317644s
3932,6.566314232s
3933,52.383329342s
3934,2.834238946s
3935,173.537524ms
3936,1.431297785s
3937,14.305324269s
3938,4.748583135s
3939,1.70057084s
3940,30.587434016s
3941,13.145898807s
3942,2.433802178s
3943,4.361427364s
3944,4.694308634s
3945,31.860326069s
3946,10.286756377s
3947,12.604439178s
3948,9.825271433s
3949,17.187462674s
3950,3.296672463s
3951,1.264115427s
3952,3.578806429s
3953,10.443733015s
3954,2.557184757s
3955,9.579560705s
3956,2.659835274s
3957,5.320085639s
3958,927.843447ms
3959,5.559170756s
3960,4.345671582s
3961,6.75739563s
3962,5.736013301s
3963,1.8434752s
3964,3.759206496s
3965,27.147519351s
3966,1.071126117s
3967,2.044402841s
3968,1.446939431s
3969,29.470779534s
3970,5.173561319s
3971,4.760073614s
3972,683.727592ms
3973,24.118886181s
3974,13.323517575s
3975,6.112641616s
3976,5.033144859s
3977,36.508791706s
3978,4.598994412s
3979,915.002982ms
3980,3.428221699s
3981,36.024772164s
3982,33.383582256s
3983,3.68104696s
3984,5.975066464s
3985,10.127120173s
3986,1.855123754s
3987,9.936202473s
3988,3.113111856s
3989,748.693256ms
3990,3.915496979s
3991,21.463651424s
3992,7.065861553s
3993,539.935393ms
3994,4.797120761s
3995,24.900812459s
3996,36.269371472s
3997,12.740727906s
3998,14.571187545s
3999,1.440294526s
4000,3.371216728s
4001,9.482365697s
4002,23.443990024s
4003,4.172126865s
4004,7.719343578s
4005,5.273514896s
4006,609.509906ms
4007,12.568736774s
4008,1.584031406s
4009,14.052788127s
4010,1.256824108s
4011,4.477839718s
4012,6.726304223s
4013,20.695025818s
4014,4.13499906s
4015,4.45405033s
4016,12.145793594s
4017,44.866596462s
4018,2.773310054s
4019,35.620734909s
4020,27.836951368s
4021,769.134402ms
4022,4.708306884s
4023,12.608636438s
4024,6.698154533s
4025,23.804505763s
4026,670.973508ms
4027,19.274358448s
4028,1.639610203s
4029,7.785403986s
4030,5.697283405s
4031,1.169971992s
4032,18.506436457s
4033,37.2053573s
4034,4.442317098s
4035,8.097389695s
4036,16.533962602s
4037,21.592301564s
4038,31.18414203s
4039,478.575468ms
4040,17.728831228s
4041,10.38023954s
4042,12.67818279s
4043,9.943892161s
4044,1.486072077s
4045,2.40262161s
4046,3.403163281s
4047,14.059191119s
4048,1.385546455s
4049,6.777129742s
4050,2.17886055s
4051,3.042884413s
4052,5.342220021s
4053,2.1611569s
4054,3.619474633s
4055,2.047062334s
4056,5.182470096s
4057,24.281578082s
4058,7.726138873s
4059,9.381459105s
4060,17.263435479s
4061,438.847308ms
4062,14.151435604s
4063,1.238233738s
4064,19.158963108s
4065,1.231851067s
4066,990.337311ms
4067,2.198410772s
4068,2.674740098s
4069,3.914412178s
4070,16.582326409s
4071,10.380996326s
4072,2.741395807s
4073,6.188848676s
4074,851.21772ms
4075,9.560692204s
4076,32.363970213s
4077,4.477306297s
4078,21.839821219s
4079,14.757616693s
4080,36.133512772s
4081,7.205801732s
4082,4.906829796s
4083,17.603809765s
4084,55.83851546s
4085,24.895071944s
4086,25.727177765s
4087,5.671862896s
4088,4.858955461s
4089,12.880416547s
4090,1.816766902s
4091,16.631882119s
4092,3.880054117s
4093,11.193517139s
4094,12.225683245s
4095,8.081884026s
4096,18.90838445s
4097,1.830243189s
4098,10.188145995s
4099,3.418785984s
4100,10.231484597s
4101,6.227218572s
4102,13.11857711s
4103,11.550577244s
4104,10.973299748s
4105,18.589608444s
4106,4.629423353s
4107,19.546938725s
4108,57.983207336s
